{
    "e1": {
        "date": "2021-05-12",
        "description": "Everyone can learn to code! Yes, everyone! In this live event, we are going to go through all the key basics and get you started with programming as well.",
        "image": "images/coding-event.jpg",
        "isFeatured": false,
        "location": "Somestreet 25, 12345 San Somewhereo",
        "title": "Programming for everyone"
    },
    "e2": {
        "date": "2021-05-30",
        "description": "We know: Networking is no fun if you are an introvert person. That's why we came up with this event - it'll be so much easier. Promised!",
        "image": "images/introvert-event.jpg",
        "isFeatured": true,
        "location": "New Wall Street 5, 98765 New Work",
        "title": "Networking for introverts"
    },
    "e3": {
        "date": "2021-03-12",
        "description": "Everyone can learn to code! Yes, everyone! In this live event, we are going to go through all the key basics and get you started with programming as well.",
        "image": "images/extrovert-event.jpg",
        "isFeatured": true,
        "location": "New Wall Street 5, 98765 New Work",
        "title": "Networking for extroverts"
    }
}
